ba85e982d514ffb7c5bf86af39055b15,621f4e53-cd54-4194-8d8f-4a6e0abe1822
4f818b551ff3dc3e2ee05a6341c22397,621f4e53-cd54-4194-8d8f-4a6e0abe1822
76c153a3b4ffa9b86ae42656057f4192,621f4e53-cd54-4194-8d8f-4a6e0abe1822
9369d1517eee830345cf183eba87e627,621f4e53-cd54-4194-8d8f-4a6e0abe1822
1c4038d8f5dcf5ba0d1d0c98cbe161b8,621f4e53-cd54-4194-8d8f-4a6e0abe1822
9fa3caae44255dea9f8fb25e70fa9e1e,621f4e53-cd54-4194-8d8f-4a6e0abe1822
b2d74b588320134cc7e87d114f86ef30,621f4e53-cd54-4194-8d8f-4a6e0abe1822
e556c3f475de641da76833691757ec98,621f4e53-cd54-4194-8d8f-4a6e0abe1822
3020b6ff319a480ca10e42797848fc18,621f4e53-cd54-4194-8d8f-4a6e0abe1822
8518aca40eb45cc5e07d717441ad7544,621f4e53-cd54-4194-8d8f-4a6e0abe1822
b7de6510f72ab104577e4ce68e9be733,621f4e53-cd54-4194-8d8f-4a6e0abe1822
de6d64318346d2b35d64ac126c867656,621f4e53-cd54-4194-8d8f-4a6e0abe1822
707630dac1bbdad4fd658546c5311de2,621f4e53-cd54-4194-8d8f-4a6e0abe1822
c834ca1a9dddeb017fecb02d174e8a91,621f4e53-cd54-4194-8d8f-4a6e0abe1822
5355ce98b90f9915d8a4850ce20f81fe,621f4e53-cd54-4194-8d8f-4a6e0abe1822
984dae566175a02726d50537a6ec3af7,621f4e53-cd54-4194-8d8f-4a6e0abe1822
11b16235372114bd7c42cb151a84027b,621f4e53-cd54-4194-8d8f-4a6e0abe1822
27bef3742af6671c8962c2284639a045,621f4e53-cd54-4194-8d8f-4a6e0abe1822
fd2e2e346a0907d2c0c57f839e57d3dd,621f4e53-cd54-4194-8d8f-4a6e0abe1822
d03ca71306e35baa57360e22d744e91e,621f4e53-cd54-4194-8d8f-4a6e0abe1822
0c9fff9659f16b7ad21274b4ebb4cffb,621f4e53-cd54-4194-8d8f-4a6e0abe1822
79033c44aa616ddfd12c59abf3762db0,621f4e53-cd54-4194-8d8f-4a6e0abe1822
37ca06fbef91ede542e6eb3f3d009e62,621f4e53-cd54-4194-8d8f-4a6e0abe1822
40a0ea8dd59e7ca325b058f9c732f9ed,621f4e53-cd54-4194-8d8f-4a6e0abe1822
a42298df49d902ca53bab1ef7a17de63,621f4e53-cd54-4194-8d8f-4a6e0abe1822
e80603f1e67c2dc1363cc7549827d5f4,621f4e53-cd54-4194-8d8f-4a6e0abe1822
fd2e2e346a0907d2c0c57f839e57d3dd,621f4e53-cd54-4194-8d8f-4a6e0abe1822
903fcca4a6a3f6e1b6caae8154726824,621f4e53-cd54-4194-8d8f-4a6e0abe1822
a383f21e8144f42a11bdddebc8bccb02,621f4e53-cd54-4194-8d8f-4a6e0abe1822
4fe6cf33231c161440cb5e7c108e87af,621f4e53-cd54-4194-8d8f-4a6e0abe1822
d9c23a1299d3869b9418c05dbb60d917,621f4e53-cd54-4194-8d8f-4a6e0abe1822
4c801cfeb3ae5d7a963a6712285650ca,621f4e53-cd54-4194-8d8f-4a6e0abe1822
a42298df49d902ca53bab1ef7a17de63,621f4e53-cd54-4194-8d8f-4a6e0abe1822
78761b8cde7c7d7befa1f820c0ee6a12,621f4e53-cd54-4194-8d8f-4a6e0abe1822
1c9261a8e404615b4bb8bdaee81fa0d7,621f4e53-cd54-4194-8d8f-4a6e0abe1822
86282aaab89c3af79a873ea189216650,621f4e53-cd54-4194-8d8f-4a6e0abe1822
bc4087d3126d960103275be15fc3e7f5,621f4e53-cd54-4194-8d8f-4a6e0abe1822
880b54b1a7744c65fb895a1b124d2a8f,621f4e53-cd54-4194-8d8f-4a6e0abe1822
b5eb4b1c9a21e51caae2dad4e1da54d6,621f4e53-cd54-4194-8d8f-4a6e0abe1822
73bafa221e76f0f69280fd2497cc68e7,621f4e53-cd54-4194-8d8f-4a6e0abe1822
989d265dbff0d5c69f2543d5e08939b5,621f4e53-cd54-4194-8d8f-4a6e0abe1822
3d4d29359d2ab11462f661dff2c39538,62167543-c4e0-4f39-a23e-c09f0abe1822
503f343f3b62ccf4e10fe50e73e3d9f2,62167543-c4e0-4f39-a23e-c09f0abe1822
ed7fc80edf6745ed8f0634c8dab917e9,62167543-c4e0-4f39-a23e-c09f0abe1822
5f357b5101ba5884ca0415c297465a76,62167543-c4e0-4f39-a23e-c09f0abe1822
5a9c256d6782fedbd705ee76b51d7597,62167543-c4e0-4f39-a23e-c09f0abe1822
37e18a385078f089cf81be8dc986e23c,62167543-c4e0-4f39-a23e-c09f0abe1822
519698f4d9602082b0f50316452dc57b,62167543-c4e0-4f39-a23e-c09f0abe1822
2b09427fe9b10799f9dffaf1a73f2ad1,62167543-c4e0-4f39-a23e-c09f0abe1822
088a362dee606e5bba7f4667dcaaafd3,62167543-c4e0-4f39-a23e-c09f0abe1822
21f7b47f96e733cecee92b80796f7fc3,62167543-c4e0-4f39-a23e-c09f0abe1822
a94d3dc773f763be67c0f3e29186c3a1,62167543-c4e0-4f39-a23e-c09f0abe1822
00ffded8456cdccd44e916d7ab79dfa2,62167543-c4e0-4f39-a23e-c09f0abe1822
0d86712995dd9f90655b23d0b4bb4535,62167543-c4e0-4f39-a23e-c09f0abe1822
cc5509fb49057043de4a6cb8495f758a,62167543-c4e0-4f39-a23e-c09f0abe1822
0d933023ee0e6fb353982070709141a5,62167543-c4e0-4f39-a23e-c09f0abe1822
c94a16c50f421a9cb45638f14873cfc7,62167543-c4e0-4f39-a23e-c09f0abe1822
86afbb5c14a6a195f58399e5691af504,62167543-c4e0-4f39-a23e-c09f0abe1822
8080f0c89c1685995e3665f57849b58e,62167543-c4e0-4f39-a23e-c09f0abe1822
738bf1ccebd688875dca2855c136f0f1,62167543-c4e0-4f39-a23e-c09f0abe1822
1f7806cdf90a969573798d13c9d2e3d3,62167543-c4e0-4f39-a23e-c09f0abe1822
ca0747b9497ff639bb45a4df43380285,62167543-c4e0-4f39-a23e-c09f0abe1822
ab06f8c0e6fdc4235c65e90269f7950d,62167543-c4e0-4f39-a23e-c09f0abe1822
1d20c1ecf4bc42153c3d4f74e7b3ea7a,62167543-c4e0-4f39-a23e-c09f0abe1822
472819db19209d11a06b78cc9b0f26ea,62167543-c4e0-4f39-a23e-c09f0abe1822
57af67f95246179632e6188715bffc41,62167543-c4e0-4f39-a23e-c09f0abe1822
4ed3c4b22349dd5a28b271282bdc98f6,62167543-c4e0-4f39-a23e-c09f0abe1822
ca65e107f70ea2634153eb4293fca95c,62167543-c4e0-4f39-a23e-c09f0abe1822
8cc49e1158aee4e89aa4457b6fe123b2,62167543-c4e0-4f39-a23e-c09f0abe1822
aacff8caea1f50048cd92ef00eba015c,62167543-c4e0-4f39-a23e-c09f0abe1822
32530425205ee5b653f8bcffc1a0576a,62167543-c4e0-4f39-a23e-c09f0abe1822
4ed3c4b22349dd5a28b271282bdc98f6,62167543-c4e0-4f39-a23e-c09f0abe1822
3a851c4e75e8f41085cabef55e7c63e8,62167543-c4e0-4f39-a23e-c09f0abe1822
a23335a8a3b03d1403251aa3474433b0,62167543-c4e0-4f39-a23e-c09f0abe1822
47dbdbd970f392e084178d4eb82c0a49,62167543-c4e0-4f39-a23e-c09f0abe1822
32530425205ee5b653f8bcffc1a0576a,62167543-c4e0-4f39-a23e-c09f0abe1822
8500c5511de51962b53b0a71707ce2ae,62167543-c4e0-4f39-a23e-c09f0abe1822
e41285f2187483b15ee056984f602b0c,62167543-c4e0-4f39-a23e-c09f0abe1822
ec9bce4aabf40d7865cea14a53bb8533,62167543-c4e0-4f39-a23e-c09f0abe1822
5b99e05ca6aca276a49c4c3e2feec535,62167543-c4e0-4f39-a23e-c09f0abe1822
3210378e173898db1d3aa43268d695b2,62167543-c4e0-4f39-a23e-c09f0abe1822
8500c5511de51962b53b0a71707ce2ae,62167543-c4e0-4f39-a23e-c09f0abe1822
a4dfa43b8e92d0cce573ddece802576e,62167543-c4e0-4f39-a23e-c09f0abe1822
891b06cc57feefa91797580339178a6d,62167543-c4e0-4f39-a23e-c09f0abe1822
3371b23ab9a12709acdf41071c7726a6,62167543-c4e0-4f39-a23e-c09f0abe1822
3210378e173898db1d3aa43268d695b2,62167543-c4e0-4f39-a23e-c09f0abe1822
